First Last,First,Last,Company,Domain
Cynthia Huntoon Msed,Cynthia,Msed,Finders Keepers Ltd.,www.finders.co.uk
Jonathan Thorne,Jonathan,Thorne,B8 Real Estate Llp,www.b8re.com
Roberta Hartley,Roberta,Hartley,Carter Jonas LLP,www.carterjonas.co.uk
Angus Kelly,Angus,Kelly,Bidwells LLP,www.bidwells.co.uk
Martin Rodd,Martin,Rodd,Mason Partners LLP,www.masonpartners.com
Alan Short,Alan,Short,CBRE Limited (United Kingdom),www.cbre.co.uk
Simon Turl,Simon,Turl,Carter Jonas LLP,www.carterjonas.co.uk
Scott Moncur,Scott,Moncur,London Square Developments Limited,www.londonsquare.co.uk
Richard Evans,Richard,Evans,Knight Frank LLP,www.knightfrank.com
Sam Graham,Sam,Graham,Cluttons LLP,www.cluttons.com
Paul Dawson,Paul,Dawson,Anvic Developments Limited,www.anvic.co.uk
David Cowans,David,Cowans,Places for People Group Limited,www.placesforpeople.co.uk
Pete Bradbury,Pete,Bradbury,Carter Towler LLP,www.cartertowler.co.uk
James Crawford,James,Crawford,Knight Frank LLP,www.knightfrank.com
Nicky Brock,Nicky,Brock,Carter Jonas LLP,www.carterjonas.co.uk
Guy Cooke,Guy,Cooke,Knight Frank LLP,www.knightfrank.com
Heiko Davids,Heiko,Davids,Knight Frank LLP,www.knightfrank.com
Neil Dryburgh,Neil,Dryburgh,Montagu Evans LLP,www.montagu-evans.co.uk
Tom Brennan,Tom,Brennan,Brennan Ayre O’Neill,www.b-a-o.com
Tim Shuldham Frics Faav,Tim,Faav,Fisher German LLP,www.fishergerman.co.uk
