First Last,First,Last,Company,Domain
Andrew Abraham,Andrew,Abraham,Orgain,www.orgain.com
Daren Myers,Daren,Myers,Rau Chocolate,www.drinkrau.com
Sarbartha Roychowdhury,Sarbartha,Roychowdhury,SastaSundar,www.sastasundar.com
Mahmoud Adham,Mahmoud,Adham,munchbox.ae,www.munchbox.ae
Ken Wright,Ken,Wright,The Dinner A’Fare,www.dinnerafare.com
Jordan Soriano,Jordan,Soriano,Truefarms Llc,www.truefarms.com
Doug Oberhamer,Doug,Oberhamer,Deep Rock Water,www.deeprockwater.com
Bette Parolini,Bette,Parolini,VidaFuel,www.vida-fuel.com
Bradley Olson,Bradley,Olson,Vshred,www.vshred.com
Artisan Vapor Burleson,Artisan,Burleson,The Artisan Vapor Company,www.artisanvaporcompany.com
Travis Kissell,Travis,Kissell,Three Trees,www.threetrees.com
Dominique Ansel,Dominique,Ansel,Dominique Ansel Bakery,www.dominiqueansel.com
Colin Oliver,Colin,Oliver,Produco Ltd - Regulatory Consultancy & Training Specialists,www.produco.co.nz
Nat Busichio,Nat,Busichio,Peachpit,www.peachpit.com
Allie Greenleaf Maldonado,Allie,Maldonado,Herbal Lodge - Authentic Native American Natural Remedies,www.herballodge.com
Michelle Marinis,Michelle,Marinis,Little Spoon Organic,www.littlespoon.com
Adrienne Boynton,Adrienne,Boynton,Postal Connections,www.postalconnections.com
E Teixeira Mark E Teixeira,E,Teixeira,Bell Rock Growers Inc.,www.bellrockgrowers.com
Carole Shenkman,Carole,Shenkman,Bulk Candy Store,www.bulkcandystore.com
Elizabeth Bowe,Elizabeth,Bowe,Postal Connections,www.postalconnections.com
