First Last,First,Last,Company,Domain
Iain Moss,Iain,Moss,Knight Frank LLP,www.knightfrank.com
Bob Tattrie,Bob,Tattrie,Trebor Developments LLP,www.trebordevelopments.co.uk
Simon Tindle,Simon,Tindle,Brown & Co Property and Business Consultants LLP,www.brown-co.com
Clay Vasquez,Clay,Vasquez,Whiteknights Property Lettings And Management Services Limited,www.whiteknights.co.uk
Robert Clarke,Robert,Clarke,Rapleys Consultants Ltd,www.rapleys.co.uk
Stephen Ray,Stephen,Ray,Stiles Harold Williams Partnership LLP,www.shw.co.uk
Paul Clarke,Paul,Clarke,Carter Jonas LLP,www.carterjonas.co.uk
Paul Mussi,Paul,Mussi,Knight Frank LLP,www.knightfrank.com
Clive Richardson,Clive,Richardson,Stiles Harold Williams Partnership LLP,www.shw.co.uk
George Gourlay,George,Gourlay,G M Thomson & Co,www.gmthomson.co.uk
Dan Wooler,Dan,Wooler,WW (UK) Limited,www.tcoffice.co.uk
Philip Smith,Philip,Smith,Gerald Eve LLP,www.geraldeve.com
Ben Stephens,Ben,Stephens,Stags,www.stags.co.uk
Nick Loweth,Nick,Loweth,Knight Frank LLP,www.knightfrank.com
Jason Holden,Jason,Holden,"CWM Retail Property Advisors, LLP",www.cwm.co.uk
Alex Neale,Alex,Neale,Court Collaboration Limited,www.courtcollaboration.com
Keara Wase,Keara,Wase,Woolley & Wallis,www.w-w.co.uk
Charles Loyd,Charles,Loyd,Strutt & Parker LLP,www.struttandparker.com
Hugh Blake,Hugh,Blake,Carter Jonas LLP,www.carterjonas.co.uk
Michelle Stewart,Michelle,Stewart,Bannisters Ltd,www.bannisters-property.com
