First Last,First,Last,Company,Domain
Coady Hepton,Coady,Hepton,"Da Kine Hawaii, Inc.",www.dakine.com
Mary Lennon,Mary,Lennon,"Cote, Llc",www.coteshop.co
Lou Adin,Lou,Adin,Pooters,www.pootersdiapers.com
Harun Gocer,Harun,Gocer,IcyDeals,www.icydeals.com
Sarah Michelle Gellar,Sarah,Gellar,"Foodstirs, LLC",www.foodstirs.com
Harish Damwani,Harish,Damwani,LoveShackFancy,www.loveshackfancy.com
Hussain Shimal,Hussain,Shimal,Add-on™ Private Limited,www.addon.mv
Ling Ming Hou,Ling,Hou,"CABH Holdings, LLC",www.rothys.com
Tobias Kormind,Tobias,Kormind,77 Diamonds,www.77diamonds.com
Jonathan Lefkowitz,Jonathan,Lefkowitz,Maggy of London International Ltd.,www.maggylondon.com
Fran Dunaway,Fran,Dunaway,Tomboy Exchange Inc.,www.tomboyx.com
Jon Tarr,Jon,Tarr,Diamond Supply Co.,www.diamondsupplyco.com
Koorosh Yaraghi,Koorosh,Yaraghi,RugsUSA.com inc.,www.rugsusa.com
Jennifer Elizabeth Amenta,Jennifer,Amenta,"The Andean Collection, Llc",www.shopfaire.com
Cindy Landolt,Cindy,Landolt,24e DESIGN CO.,www.24estyle.com
Mike Caswell,Mike,Caswell,"Roasting Plant, Inc.",www.roastingplant.com
Kari Caden,Kari,Caden,Belly Bandit,www.bellybandit.com
Brittany Sugg,Brittany,Sugg,June & January,www.juneandjanuary.com
John Rosen,John,Rosen,Joe Brands LLC,www.wildkin.com
Dan Hock,,,Zumer Sport,www.zumersport.com
