First Last,First,Last,Company,Domain
Stephen Rees,Stephen,Rees,The Land Trust,www.thelandtrust.org.uk
Pam Le Maire,Pam,Maire,Circle Thirty Three Housing Trust Limited,www.circle.org.uk
Bill Dale,Bill,Dale,Dale Eddison Ltd.,www.daleeddison.co.uk
Jason Kwan,Jason,Kwan,Landmark Investments Limited,www.landmark-investments.co.uk
Adrian Wilson,Adrian,Wilson,Knight Frank LLP,www.knightfrank.com
Paul Spencer,Paul,Spencer,London Ebor Developments Plc,www.londonebor.com
Tariq Usmani,Tariq,Usmani,Henley Homes plc,www.henley-homes.co.uk
Judith Lonsinger,Judith,Lonsinger,Finders Keepers Ltd.,www.finders.co.uk
Miles Pickard,Miles,Pickard,Pickard Properties Ltd.,www.pickardproperties.co.uk
Matt Bowen,Matt,Bowen,Knight Frank LLP,www.knightfrank.com
Neil Barnes,Neil,Barnes,Winkworth Exeter Estate Agents,www.winkworth.co.uk
Chris Turner,Chris,Turner,Carter Jonas LLP,www.carterjonas.co.uk
Zaza Oswald,Zaza,Oswald,Carter Jonas LLP,www.carterjonas.co.uk
Paul Finch,Paul,Finch,Orega (Slough) Limited,www.orega.com
Neil Mcconnachie,Neil,Mcconnachie,Eric Young & Co Llp,www.eyco.co.uk
Josephine Jo Allen,Josephine,Allen,Frogmore Property Company Ltd.,www.frogmore.co.uk
Randy Clark,Randy,Clark,Countryside Properties PLC,www.countryside-properties.com
James Davies,James,Davies,Crendon House Estate Agents,www.crendonhouse.com
Maomi Chard,Maomi,Chard,Chard Associates,www.chard.co.uk
Paul Eden,Paul,Eden,Regal Real Estates LTD.,www.regal-homes.co.uk
